Rank,Institution Name,School Type,Early Career Pay,Mid Career Pay,High Meaning,STEM Degrees
1,SUNY - Maritime College,"State School, Business School","$69,700","$144,000",58%,47%
2,Massachusetts Institute of Technology (MIT),"Private School, Research University, Engineering School","$78,300","$134,000",62%,87%
3,Harvey Mudd College,"Private School, Engineering School, Liberal Arts School","$78,500","$131,000",68%,91%
4,Princeton University,"Private School, Research University, Ivy League, For Sports Fans","$65,700","$131,000",60%,39%
5,Stanford University,"Private School, Research University, For Sports Fans","$70,800","$127,000",65%,43%
6,United States Military Academy (USMA) at West Point *,"State School, Liberal Arts School, Sober School, For Sports Fans","$76,000","$126,000",72%,40%
7,United States Naval Academy (USNA) at Annapolis *,"State School, Engineering School, Liberal Arts School, Sober School, For Sports Fans","$72,900","$125,000",65%,63%
8,United States Air Force Academy (USAFA) *,"State School, Liberal Arts School, For Sports Fans","$68,800","$124,000",63%,49%
9,University of Pennsylvania,"Private School, Research University, Ivy League, For Sports Fans","$62,200","$124,000",56%,25%
10,Harvard University,"Private School, Research University, Ivy League, For Sports Fans","$65,200","$123,000",64%,35%
11,Babson College,"Private School, Business School","$59,500","$122,000",36%,0%
12,Santa Clara University,"Private School, Religious, For Sports Fans","$61,900","$121,000",49%,27%
13,Bates College,"Private School, Liberal Arts School","$47,000","$119,000",32%,24%
14,Carnegie Mellon University (CMU),"Private School, Research University, Engineering School","$69,400","$119,000",51%,54%
15,Dartmouth College,"Private School, Research University, Ivy League, For Sports Fans","$60,800","$119,000",57%,31%
16,Duke University,"Private School, Research University, Religious, For Sports Fans","$61,300","$119,000",60%,39%
17,"Clarkson University - Potsdam, NY","Private School, Research University, Engineering School","$61,700","$117,000",55%,69%
18,Occidental College,"Private School, Liberal Arts School","$49,200","$117,000",59%,20%
19,Stevens Institute of Technology,"Private School, Research University, Engineering School","$65,600","$117,000",46%,81%
20,Brown University,"Private School, Research University, Ivy League, For Sports Fans","$58,600","$116,000",54%,34%
21,University of Chicago,"Private School, Research University","$53,000","$115,000",56%,32%
22,Colorado School of Mines,"State School, Research University, Engineering School","$65,200","$114,000",55%,99%
23,Georgetown University - Washington D.C.,"Private School, Research University, Religious, For Sports Fans","$55,400","$114,000",53%,10%
24,Colgate University,"Private School, Liberal Arts School, Party School, For Sports Fans","$56,500","$113,000",38%,21%
25,Rice University,"Private School, Research University, Engineering School, For Sports Fans","$62,300","$113,000",58%,53%
26,Georgia Institute of Technology,"State School, Research University, Engineering School, For Sports Fans","$65,300","$112,000",48%,76%
27,Lehigh University,"Private School, Research University, Engineering School, Party School, For Sports Fans","$62,900","$112,000",52%,51%
28,University of California - Berkeley,"State School, Research University, For Sports Fans","$60,500","$112,000",55%,35%
29,Worcester Polytechnic Institute (WPI),"Private School, Engineering School","$65,300","$112,000",53%,92%
30,Reed College,"Private School, Liberal Arts School","$44,800","$111,000",51%,29%
31,Washington and Lee University,"Private School, Liberal Arts School","$54,500","$111,000",50%,24%
32,Cooper Union for The Advancement of Science and Art,"Private School, Engineering School","$65,700","$110,000",50%,56%
33,Rensselaer Polytechnic Institute (RPI),"Private School, Research University, Engineering School","$64,400","$110,000",50%,78%
34,Columbia University,"Private School, Research University, Ivy League, For Sports Fans","$64,000","$109,000",56%,36%
35,"Cornell University - Ithaca, NY","Private School, Research University, Ivy League, For Sports Fans","$63,200","$109,000",57%,39%
36,Bucknell University,"Private School, Liberal Arts School, Party School, For Sports Fans","$58,500","$108,000",53%,38%
37,Rose-Hulman Institute of Technology (RHIT),"Private School, Engineering School","$67,500","$108,000",55%,100%
38,University of California - San Diego (UCSD),"State School, Research University","$54,400","$108,000",61%,43%
39,Virginia Military Institute (VMI) *,"State School, Liberal Arts School, For Sports Fans","$54,100","$108,000",46%,42%
40,Lafayette College,"Private School, Liberal Arts School, Religious, For Sports Fans","$55,900","$107,000",36%,40%
41,Saint Mary's College of California,"Private School, Religious, For Sports Fans","$50,000","$106,000",51%,8%
42,Tufts University,"Private School, Research University","$56,700","$106,000",63%,26%
43,Illinois Institute of Technology (IIT),"Private School, Research University, Engineering School","$59,900","$105,000",59%,70%
44,Kettering University,"Private School, Engineering School","$66,300","$105,000",51%,97%
45,Manhattan College,"Private School, Religious, For Sports Fans","$58,500","$104,000",52%,34%
46,University of Notre Dame,"Private School, Research University, Religious, For Sports Fans","$61,200","$104,000",49%,25%
47,Oberlin College,"Private School, Liberal Arts School","$44,900","$103,000",59%,23%
48,Washington University in St. Louis,"Private School, Research University","$56,700","$103,000",52%,37%
49,California Polytechnic State University (CalPoly) - San Luis Obispo,"State School, For Sports Fans","$59,300","$102,000",52%,36%
50,"Loyola University - Baltimore, MD","Private School, Religious, For Sports Fans","$51,800","$102,000",49%,10%
51,Michigan Technological University,"State School, Research University, Engineering School","$63,000","$102,000",48%,74%
52,Northwestern University,"Private School, Research University, For Sports Fans","$56,800","$102,000",54%,30%
53,University of Illinois at Urbana-Champaign (UIUC),"State School, Research University, Party School, For Sports Fans","$58,100","$102,000",48%,35%
54,Yale University,"Private School, Research University, Ivy League, For Sports Fans","$60,800","$102,000",66%,25%
55,Franklin and Marshall College,"Private School, Liberal Arts School","$45,600","$101,000",43%,19%
56,Missouri University of Science and Technology (S&T),"State School, Research University, Engineering School","$63,400","$101,000",53%,85%
57,South Dakota School of Mines & Technology,"State School, Engineering School","$63,300","$101,000",64%,95%
58,University of California - Santa Barbara (UCSB),"State School, Research University, Party School, For Sports Fans","$50,400","$101,000",52%,21%
59,Villanova University,"Private School, Religious, For Sports Fans","$58,600","$101,000",52%,25%
60,Massachusetts Maritime Academy,State School,"$58,900","$100,000",50%,41%
61,New Jersey Institute of Technology (NJIT),"State School, Research University, Engineering School, For Sports Fans","$57,100","$100,000",53%,64%
62,New York University (NYU),"Private School, Research University","$55,700","$100,000",50%,13%
63,University of Southern California (USC),"Private School, Research University, For Sports Fans","$56,100","$100,000",53%,20%
64,Texas A&M University - Main Campus,"State School, Research University, For Sports Fans","$54,400","$99,700",52%,27%
65,University of San Francisco (USF),"Private School, Religious, For Sports Fans","$51,100","$99,500",55%,9%
66,Trinity University,"Private School, Religious","$44,900","$99,400",59%,26%
67,Boston College,"Private School, Research University, Religious, For Sports Fans","$56,800","$98,900",49%,15%
68,University of Michigan - Ann Arbor,"State School, Research University, For Sports Fans","$60,600","$98,900",56%,37%
69,Carleton College,"Private School, Liberal Arts School","$46,900","$98,800",45%,41%
70,Wake Forest University,"Private School, Research University, For Sports Fans","$49,300","$98,800",46%,16%
71,Vanderbilt University,"Private School, Research University, For Sports Fans","$57,900","$98,700",59%,29%
72,University of California - Davis (UC Davis),"State School, Research University, For Sports Fans","$51,800","$98,400",54%,36%
73,University of California - Los Angeles (UCLA),"State School, Research University, For Sports Fans","$53,100","$98,100",53%,33%
74,Westmont College,"Private School, Liberal Arts School","$45,700","$98,000",67%,17%
75,San Jose State University (SJSU),"State School, For Sports Fans","$56,800","$97,700",53%,16%
76,University of Virginia (UVA) - Main Campus,"State School, Research University, For Sports Fans","$57,300","$97,100",50%,27%
77,"Wheaton College - Wheaton, IL","Private School, Liberal Arts School, Religious, Sober School","$43,300","$96,900",60%,14%
78,Wentworth Institute of Technology,Private School,"$56,900","$96,800",49%,18%
79,University of Texas (UT) - Austin,"State School, Research University, For Sports Fans","$53,400","$96,400",51%,29%
80,Bryant University,"Private School, Business School, For Sports Fans","$51,600","$96,200",31%,9%
81,"Hamilton College - Clinton, NY","Private School, Liberal Arts School","$54,600","$96,200",51%,26%
82,Virginia Polytechnic Institute and State University (Virginia Tech),"State School, Research University, For Sports Fans","$56,500","$96,100",51%,38%
83,Providence College,"Private School, Religious, For Sports Fans","$50,600","$96,000",45%,10%
84,"Pace University - New York, NY",Private School,"$51,300","$95,800",46%,8%
85,American University - Washington D.C.,"Private School, Religious, For Sports Fans","$46,100","$95,700",49%,4%
86,"Embry-Riddle Aeronautical University (ERAU) - Prescott, AZ",Private School,"$59,700","$95,500",55%,33%
87,Florida Institute of Technology (Florida Tech),"Private School, Engineering School","$56,700","$95,500",61%,66%
88,DePauw University,"Private School, Liberal Arts School, Religious, Party School","$47,900","$95,100",56%,21%
89,Fordham University,"Private School, Research University, Religious, For Sports Fans","$50,500","$95,100",45%,9%
90,"Wesleyan University - Middletown, CT","Private School, Liberal Arts School","$50,000","$95,100",54%,19%
91,Wittenberg University,"Private School, Liberal Arts School, Religious","$44,500","$94,900",69%,19%
92,Johns Hopkins University,"Private School, Research University","$61,500","$94,600",63%,38%
93,Brandeis University,"Private School, Research University","$47,100","$94,400",45%,24%
94,Ohio Northern University (ONU),"Private School, Religious","$50,700","$94,400",43%,34%
95,University of Rochester,"Private School, Research University","$55,400","$94,400",56%,38%
96,Stony Brook University,"State School, Research University, For Sports Fans","$50,100","$94,300",52%,32%
97,University of Colorado - Boulder (CU),"State School, Research University, For Sports Fans","$50,800","$94,300",49%,28%
98,Purdue University - Main Campus,"State School, Research University, For Sports Fans","$57,400","$94,200",55%,35%
99,University of Washington (UW) - Main Campus,"State School, Research University, For Sports Fans","$55,100","$94,200",64%,34%
100,"Embry-Riddle Aeronautical University (ERAU) - Daytona Beach, FL",Private School,"$61,300","$94,100",58%,38%
101,University of Alabama - Huntsville Campus,"State School, Research University","$55,500","$94,000",64%,41%
102,University of California - Irvine (UCI),"State School, Research University, For Sports Fans","$51,900","$93,900",51%,32%
103,Bentley University,"Private School, Business School","$57,100","$93,800",34%,5%
104,Hofstra University,"Private School, For Sports Fans","$49,000","$93,700",46%,8%
105,"Saint John's University (SJU) - Collegeville, MN","Private School, Liberal Arts School, Religious","$46,900","$93,600",43%,21%
106,Brigham Young University (BYU),"Private School, Research University, Religious, Sober School, For Sports Fans","$52,300","$93,500",61%,24%
107,University of Massachusetts (UMass) - Lowell Campus,"State School, Research University, For Sports Fans","$54,100","$93,400",55%,33%
108,California State University - Chico,State School,"$49,800","$93,300",48%,12%
109,"Miami University - Oxford, OH","State School, Research University, Party School, For Sports Fans","$50,500","$93,200",48%,15%
110,"Fashion Institute of Technology - New York, NY",State School,"$46,400","$93,100",28%,0%
111,Drexel University,"Private School, Research University, For Sports Fans","$57,700","$92,900",50%,31%
112,Hobart William Smith Colleges,"Private School, Liberal Arts School","$48,600","$92,900",48%,16%
113,Loyola Marymount University,"Private School, Religious, For Sports Fans","$50,300","$92,900",51%,14%
114,Gettysburg College,"Private School, Liberal Arts School","$46,400","$92,700",51%,21%
115,SUNY - Binghamton University,"State School, Research University, For Sports Fans","$50,400","$92,700",43%,27%
116,University of Portland,"Private School, Religious, For Sports Fans","$52,500","$92,700",40%,29%
117,Case Western Reserve University,"Private School, Research University, Engineering School","$58,600","$92,600",54%,57%
118,Whittier College,"Private School, Liberal Arts School","$39,800","$92,500",58%,12%
119,"Union College - Schenectady, NY","Private School, Liberal Arts School","$54,400","$92,200",32%,41%
120,University of Maryland - College Park,"State School, Research University, For Sports Fans","$55,200","$92,200",52%,30%
121,Milwaukee School of Engineering,"Private School, Engineering School","$63,500","$92,000",49%,69%
122,Lawrence Technological University,Private School,"$53,200","$91,800",50%,41%
123,Saint Anselm College,"Private School, Liberal Arts School, Religious","$49,000","$91,600",N/A,10%
124,University of Puget Sound,"Private School, Liberal Arts School","$46,500","$91,400",54%,19%
125,Rutgers University - New Brunswick Campus,"State School, Research University, For Sports Fans","$51,300","$91,300",47%,25%
126,Seattle Pacific University (SPU),"Private School, Religious","$47,200","$91,200",58%,17%
127,Wagner College,"Private School, Religious, For Sports Fans","$48,300","$91,100",47%,9%
128,John Carroll University,"Private School, Religious","$44,600","$91,000",39%,18%
129,Grove City College,"Private School, Liberal Arts School, Religious, Sober School","$47,800","$90,900",46%,29%
130,Fairfield University,"Private School, Religious, For Sports Fans","$56,300","$90,800",38%,12%
131,California State University - East Bay (CSUEB),State School,"$49,700","$90,600",55%,9%
132,"Seton Hall University - South Orange, NJ","Private School, Religious, For Sports Fans","$50,800","$90,600",55%,11%
133,College of the Holy Cross,"Private School, Liberal Arts School, Religious, For Sports Fans","$49,800","$90,500",67%,20%
134,West Virginia University Institute of Technology (WVU Tech),State School,"$53,300","$90,300",54%,41%
135,University of Dayton,"Private School, Research University, Religious, For Sports Fans","$52,700","$90,200",49%,21%
136,The College of William and Mary,"State School, Research University, For Sports Fans","$49,100","$89,900",54%,24%
137,University of Delaware,"State School, Research University, For Sports Fans","$51,500","$89,900",51%,19%
138,Stonehill College,"Private School, Liberal Arts School, Religious","$47,400","$89,800",42%,15%
139,"University of Maryland, Baltimore County (UMBC)","State School, Research University, For Sports Fans","$51,200","$89,800",54%,42%
140,Boston University,"Private School, Research University, For Sports Fans","$51,800","$89,700",54%,21%
141,University of Houston Clear Lake (UHCL),State School,"$46,600","$89,700",57%,9%
142,University of Vermont (UVM),"State School, Research University, Party School, For Sports Fans","$45,800","$89,700",57%,18%
143,Rochester Institute of Technology (RIT),Private School,"$57,400","$89,600",43%,44%
144,University of the Pacific,"Private School, For Sports Fans","$50,900","$89,600",54%,28%
145,Colby College,"Private School, Liberal Arts School","$49,300","$89,500",51%,25%
146,Seattle University,"Private School, Religious, For Sports Fans","$52,000","$89,400",55%,17%
147,Texas Tech University,"State School, Research University, For Sports Fans","$51,600","$89,400",59%,20%
148,Marquette University,"Private School, Religious, For Sports Fans","$52,200","$89,300",55%,28%
149,Bradley University,"Private School, For Sports Fans","$50,600","$89,200",49%,24%
150,University of Utah,"State School, Research University, For Sports Fans","$49,400","$89,200",60%,19%
151,Northeastern University,"Private School, Research University, For Sports Fans","$57,800","$89,100",51%,28%
152,Southern Methodist University (SMU),"Private School, Research University, Religious, For Sports Fans","$53,900","$89,100",51%,21%
153,Washington State University (WSU),"State School, Research University, For Sports Fans","$50,400","$89,100",50%,19%
154,University of Alaska - Fairbanks Campus,"State School, Research University","$54,100","$88,900",57%,33%
155,Furman University,"Private School, Liberal Arts School, For Sports Fans","$45,100","$88,800",53%,18%
156,Ithaca College,Private School,"$43,600","$88,800",44%,7%
157,Kenyon College,"Private School, Liberal Arts School","$45,700","$88,700",50%,15%
158,University of Connecticut (UConn) - Main Campus,"State School, Research University, For Sports Fans","$53,300","$88,700",54%,20%
159,California State Polytechnic University - Pomona,State School,"$51,000","$88,600",51%,29%
160,Montana Tech of The University of Montana,"State School, Engineering School","$58,300","$88,600",61%,72%
161,Pepperdine University,"Private School, Religious, Sober School, For Sports Fans","$48,600","$88,400",55%,5%
162,University of Hartford,"Private School, For Sports Fans","$49,100","$88,400",59%,11%
163,George Mason University,"State School, Research University, For Sports Fans","$52,100","$88,300",46%,20%
164,"La Salle University - Philadelphia, PA","Private School, Religious, For Sports Fans","$48,200","$88,300",42%,7%
165,North Carolina State University (NCSU),"State School, Research University, For Sports Fans","$52,400","$88,300",55%,40%
166,George Washington University (GWU),"Private School, Research University, For Sports Fans","$49,500","$88,200",58%,13%
167,California State University - Stanislaus,State School,"$45,300","$88,100",53%,12%
168,University of California - Riverside (UCR),"State School, Research University, For Sports Fans","$46,400","$88,100",47%,29%
169,Auburn University,"State School, Research University, For Sports Fans","$48,700","$88,000",54%,28%
170,Emory University,"Private School, Research University, Religious","$53,800","$88,000",58%,25%
171,Louisiana Tech University,"State School, Research University, For Sports Fans","$46,900","$88,000",65%,24%
172,Pennsylvania State University (Penn State) - Main Campus,"State School, Research University, Party School, For Sports Fans","$54,300","$87,800",49%,30%
173,Tulane University,"Private School, Research University, Party School, For Sports Fans","$45,600","$87,800",55%,20%
174,Ursinus College,"Private School, Liberal Arts School","$44,500","$87,800",42%,36%
175,New Mexico Institute of Mining and Technology (New Mexico Tech),"State School, Engineering School","$62,400","$87,700",56%,93%
176,CUNY - College of Staten Island,State School,"$45,300","$87,600",47%,10%
177,Oregon State University (OSU) - Main Campus,"State School, Research University, For Sports Fans","$50,300","$87,600",54%,27%
178,Rutgers University - Camden Campus,"State School, For Sports Fans","$45,000","$87,600",51%,11%
179,Southern Polytechnic State University,State School,"$53,700","$87,600",43%,49%
180,University of Rhode Island (URI),"State School, Research University, For Sports Fans","$48,900","$87,600",51%,16%
181,California College of the Arts,"Private School, Arts, Music & Design School","$48,600","$87,500",47%,0%
182,"Clark University - Worcester, MA","Private School, Research University","$42,800","$87,500",62%,20%
183,Rhodes College,"Private School, Liberal Arts School, Religious","$44,200","$87,500",40%,23%
184,University of Washington - Tacoma Campus,State School,"$50,300","$87,500",66%,13%
185,Pratt Institute,"Private School, Arts, Music & Design School","$48,300","$87,400",47%,0%
186,"St. John's University - Queens, NY","Private School, Religious, For Sports Fans","$48,500","$87,400",42%,12%
187,Clemson University,"State School, Research University, For Sports Fans","$54,100","$87,300",52%,33%
188,"Wofford College - Spartanburg, SC","Private School, Liberal Arts School, Religious, For Sports Fans","$44,900","$87,200",N/A,31%
189,Coleman University,"Private School, Engineering School","$57,100","$87,100",46%,100%
190,Norwich University,Private School,"$46,800","$87,100",47%,20%
191,The Citadel - Military College of South Carolina *,"State School, For Sports Fans","$53,400","$87,100",68%,21%
192,University of Arizona,"State School, Research University, For Sports Fans","$50,500","$87,100",53%,21%
193,California Lutheran University (CLU),"Private School, Religious","$42,500","$87,000",57%,16%
194,Oregon Institute of Technology (OIT),State School,"$59,500","$87,000",48%,22%
195,University of Michigan - Dearborn Campus,State School,"$49,400","$86,900",36%,29%
196,University of Minnesota - Twin Cities,"State School, Research University, For Sports Fans","$51,700","$86,900",55%,30%
197,University of Tulsa,"Private School, Religious, For Sports Fans","$56,100","$86,800",50%,38%
198,University of Wisconsin (UW) - Madison,"State School, Research University, Party School, For Sports Fans","$50,800","$86,800",52%,30%
199,Long Island University - C W Post Campus,Private School,"$46,700","$86,700",64%,4%
200,SUNY - Geneseo,State School,"$43,300","$86,700",47%,24%
201,University of Washington - Bothell Campus,State School,"$51,800","$86,700",56%,19%
202,James Madison University (JMU),"State School, For Sports Fans","$49,500","$86,600",43%,13%
203,Gustavus Adolphus College,"Private School, Liberal Arts School, Religious","$45,100","$86,500",43%,23%
204,Saint Peters College,"Private School, Religious, For Sports Fans","$46,300","$86,400",N/A,15%
205,University of Massachusetts (UMass) - Dartmouth Campus,State School,"$50,300","$86,400",47%,18%
206,University of Pittsburgh - Main Campus,"State School, Research University, For Sports Fans","$53,300","$86,400",56%,29%
207,University of Houston (UH),"State School, Research University, For Sports Fans","$51,800","$86,300",48%,18%
208,University of Redlands,Private School,"$47,400","$86,100",60%,8%
209,Syracuse University,"Private School, Research University, Party School, For Sports Fans","$51,900","$86,000",50%,20%
210,Farmingdale State College,State School,"$49,200","$85,900",58%,12%
211,Whitman College,"Private School, Liberal Arts School","$44,000","$85,800",53%,37%
212,New York Institute of Technology (NYIT),Private School,"$53,200","$85,600",52%,33%
213,Long Island University - Brooklyn,"Private School, For Sports Fans","$55,200","$85,500",59%,11%
214,Montana State University - Main Campus,"State School, Research University, For Sports Fans","$48,400","$85,500",59%,29%
215,University of Colorado - Denver Campus,"State School, Research University","$50,000","$85,500",60%,21%
216,University of Idaho,"State School, Research University, For Sports Fans","$48,300","$85,500",57%,21%
217,Drake University,"Private School, For Sports Fans","$45,100","$85,400",44%,13%
218,University of Illinois at Chicago,"State School, Research University, For Sports Fans","$51,500","$85,400",54%,31%
219,University of California - Santa Cruz (UCSC),"State School, Research University","$49,900","$85,300",58%,30%
220,Gonzaga University,"Private School, Religious, For Sports Fans","$51,700","$85,200",53%,25%
221,Michigan State University (MSU),"State School, Research University, For Sports Fans","$49,800","$85,200",49%,20%
222,Middlebury College,"Private School, Liberal Arts School","$49,200","$85,200",76%,18%
223,Colorado College (CC),"Private School, Liberal Arts School","$42,700","$85,100",57%,29%
224,Rockhurst University,"Private School, Religious","$46,800","$85,100",64%,16%
225,University of Florida (UF),"State School, Research University, Party School, For Sports Fans","$49,500","$85,100",56%,27%
226,University of North Carolina at Chapel Hill (UNC),"State School, Research University, For Sports Fans","$46,600","$85,100",51%,19%
227,SUNY - Albany,"State School, Research University, For Sports Fans","$44,800","$84,900",48%,15%
228,CUNY - Bernard M Baruch College,"State School, Business School, Sober School","$51,700","$84,500",37%,6%
229,"Mount St. Mary's College - Los Angeles, CA","Private School, Religious","$44,000","$84,500",69%,7%
230,The New School,"Private School, Arts, Music & Design School","$47,700","$84,500",42%,0%
231,California State University - Sacramento (CSUS),"State School, For Sports Fans","$46,800","$84,300",52%,12%
232,Walla Walla University,"Private School, Religious","$51,000","$84,300",66%,26%
233,CUNY - Queens College,"State School, Sober School","$45,700","$84,200",53%,7%
234,California State University - Long Beach (CSULB),"State School, For Sports Fans","$45,300","$84,200",51%,12%
235,Grinnell College,"Private School, Liberal Arts School","$41,100","$84,200",39%,27%
236,Macalester College,"Private School, Liberal Arts School, Religious","$44,700","$84,200",51%,27%
237,University of Oklahoma,"State School, Research University, For Sports Fans","$49,300","$84,200",54%,21%
238,DePaul University,"Private School, Religious, For Sports Fans","$50,200","$84,000",44%,9%
239,New England Institute of Technology,Private School,"$44,500","$84,000",50%,37%
240,University of Massachusetts (UMass) - Amherst Campus,"State School, Research University, For Sports Fans","$50,000","$84,000",46%,22%
241,University of Missouri - Columbia,"State School, Research University, For Sports Fans","$44,200","$84,000",53%,16%
242,"Fairleigh Dickinson University (FDU) - Madison, NJ","Private School, For Sports Fans","$46,200","$83,900",55%,11%
243,Sonoma State University,State School,"$46,100","$83,900",53%,10%
244,"St. Mary's University - San Antonio, TX","Private School, Religious","$44,400","$83,900",72%,24%
245,University of Denver,"Private School, Research University, For Sports Fans","$47,800","$83,900",52%,15%
246,University of Georgia (UGA),"State School, Research University, Party School, For Sports Fans","$47,300","$83,900",51%,13%
247,Wellesley College,"Private School, Liberal Arts School","$51,000","$83,900",60%,23%
248,Centre College of Kentucky,"Private School, Liberal Arts School, Religious","$41,100","$83,600",N/A,18%
249,California State University - Northridge (CSUN),"State School, For Sports Fans","$44,900","$83,500",51%,10%
250,Lewis & Clark College,"Private School, Liberal Arts School","$44,000","$83,200",69%,16%
251,"North Central College - Naperville, IL","Private School, Religious","$43,800","$83,200",50%,11%
252,San Diego State University (SDSU) - Main Campus,"State School, Research University, For Sports Fans","$49,700","$83,200",53%,13%
253,University of Maryland University College (UMUC),State School,"$50,600","$83,200",54%,26%
254,"University of St. Thomas - St Paul, MN","Private School, Religious","$49,100","$83,200",56%,19%
255,Iona College,"Private School, Religious, For Sports Fans","$49,900","$83,100",38%,8%
256,Pennsylvania State University (Penn State) - Erie-Behrend College,State School,"$55,400","$83,100",45%,31%
257,University of Evansville,"Private School, Religious, For Sports Fans","$46,200","$83,100",65%,18%
258,University of Texas at Arlington (UTA),"State School, Research University, For Sports Fans","$51,800","$83,000",60%,15%
259,Baylor University,"Private School, Research University, Religious, For Sports Fans","$49,700","$82,900",55%,19%
260,Butler University,"Private School, For Sports Fans","$44,600","$82,900",58%,12%
261,Howard University,"Private School, Research University, For Sports Fans","$50,000","$82,900",60%,19%
262,University of Kentucky (UK),"State School, Research University, For Sports Fans","$46,100","$82,900",51%,19%
263,University of New Hampshire (UNH) - Main Campus,"State School, Research University, For Sports Fans","$49,000","$82,900",53%,24%
264,University of New Mexico (UNM),"State School, Research University, For Sports Fans","$40,700","$82,900",61%,17%
265,Arcadia University,"Private School, Religious","$36,900","$82,800",67%,23%
266,Louisiana State University (LSU),"State School, Research University, For Sports Fans","$47,000","$82,800",54%,23%
267,Oklahoma State University (OSU) - Main Campus,"State School, Research University, For Sports Fans","$46,500","$82,800",53%,20%
268,San Francisco State University (SFSU),State School,"$49,500","$82,800",53%,11%
269,Montclair State University,State School,"$44,200","$82,700",39%,12%
270,University of Texas - Medical Branch (UTMB),State School,"$58,400","$82,700",85%,0%
271,Widener University - Main Campus,Private School,"$49,700","$82,700",63%,20%
272,Colorado State University (CSU),"State School, Research University, For Sports Fans","$46,800","$82,600",56%,21%
273,"Fairleigh Dickinson University (FDU) - Teaneck, NJ",Private School,"$46,800","$82,600",43%,5%
274,Pennsylvania State University (Penn State) - Harrisburg Campus,State School,"$52,100","$82,600",48%,30%
275,Samford University,"Private School, Religious, For Sports Fans","$43,100","$82,600",59%,8%
276,St. Olaf College,"Private School, Liberal Arts School, Religious","$45,200","$82,600",62%,33%
277,Thomas Edison State College,State School,"$47,500","$82,600",56%,0%
278,University at Buffalo (UB),"State School, Research University, For Sports Fans","$47,600","$82,600",51%,28%
279,Alma College,"Private School, Liberal Arts School, Religious","$42,200","$82,500",63%,18%
280,Rhode Island School of Design (RISD),"Private School, Arts, Music & Design School","$48,500","$82,500",40%,0%
281,Siena College,"Private School, Liberal Arts School, Religious, For Sports Fans","$46,800","$82,500",55%,18%
282,The University of Texas (UT) - Health Science Center at San Antonio,State School,"$52,700","$82,500",82%,0%
283,Iowa State University,"State School, Research University, For Sports Fans","$51,200","$82,400",54%,30%
284,Loma Linda University,"Private School, Religious","$68,500","$82,400",84%,1%
285,Ohio State University (OSU) - Main Campus,"State School, Research University, For Sports Fans","$51,600","$82,400",54%,23%
286,Utah State University - Main Campus,"State School, Research University, For Sports Fans","$48,200","$82,400",62%,14%
287,Adelphi University,Private School,"$46,400","$82,300",55%,8%
288,University of Kansas,"State School, Research University, For Sports Fans","$46,900","$82,300",58%,17%
289,Ohio Wesleyan University (OWU),"Private School, Liberal Arts School, Religious","$41,600","$82,200",43%,18%
290,Ramapo College of New Jersey,State School,"$42,700","$82,200",42%,11%
291,University of Scranton,"Private School, Religious","$47,300","$82,100",45%,14%
292,Duquesne University,"Private School, Research University, Religious, For Sports Fans","$47,100","$82,000",51%,13%
293,Kansas State University (KSU),"State School, Research University, For Sports Fans","$48,300","$82,000",57%,17%
294,"Monmouth University - West Long Branch, NJ","Private School, For Sports Fans","$47,100","$82,000",47%,12%
295,California State University - Fullerton (CSUF),"State School, For Sports Fans","$43,400","$81,900",49%,7%
296,Quinnipiac University,"Private School, For Sports Fans","$49,400","$81,900",44%,9%
297,Indiana University (IU) - Bloomington,"State School, Research University, For Sports Fans","$47,700","$81,800",53%,15%
298,Bloomsburg University of Pennsylvania,State School,"$44,500","$81,700",64%,7%
299,"Cornell College - Mount Vernon, IA","Private School, Liberal Arts School, Religious","$41,100","$81,700",52%,21%
300,Lamar University,"State School, For Sports Fans","$49,800","$81,700",57%,14%
301,Smith College,"Private School, Liberal Arts School","$41,600","$81,700",53%,26%
302,University of North Dakota,"State School, Research University, For Sports Fans","$48,400","$81,700",68%,18%
303,Western Washington University,State School,"$47,900","$81,700",50%,12%
304,Arizona State University (ASU),"State School, Research University, For Sports Fans","$49,300","$81,600",54%,23%
305,"Saint Joseph's University (SJU) - Philadelphia, PA","Private School, Business School, Religious, For Sports Fans","$48,800","$81,600",48%,6%
306,University of San Diego (USD),"Private School, Religious, For Sports Fans","$51,800","$81,600",42%,15%
307,Humboldt State University,State School,"$41,400","$81,500",59%,19%
308,New Mexico State University - Main Campus,"State School, Research University, For Sports Fans","$46,500","$81,500",66%,19%
309,University of Cincinnati (UC),"State School, Research University, For Sports Fans","$48,900","$81,500",53%,20%
310,Pacific Lutheran University,"Private School, Religious","$44,500","$81,400",59%,20%
311,Tennessee Technological University (TTU),"State School, For Sports Fans","$53,800","$81,400",51%,25%
312,Art Center College of Design,"Private School, Arts, Music & Design School","$62,300","$81,300",39%,0%
313,Thomas Jefferson University,Private School,"$58,900","$81,300",83%,0%
314,Excelsior College,Private School,"$52,500","$81,200",70%,1%
315,Catholic University of America,"Private School, Research University, Religious","$52,000","$81,100",64%,13%
316,University of Richmond,"Private School, Liberal Arts School, For Sports Fans","$52,200","$81,100",43%,14%
317,Southwestern University,"Private School, Liberal Arts School, Religious","$50,000","$81,000",40%,20%
318,University of New England (UNE),Private School,"$48,700","$81,000",70%,30%
319,Western New England College,Private School,"$54,300","$81,000",51%,28%
320,University of Nebraska - Lincoln,"State School, Research University, For Sports Fans","$44,600","$80,900",58%,20%
321,Alfred University,Private School,"$48,600","$80,800",52%,23%
322,Elizabethtown College,"Private School, Religious","$41,500","$80,800",55%,24%
323,University of Iowa (UI),"State School, Research University, Party School, For Sports Fans","$48,600","$80,800",55%,16%
324,LeTourneau University,"Private School, Religious","$55,900","$80,700",59%,18%
325,Rutgers University - Newark Campus,"State School, Research University","$50,200","$80,600",48%,11%
326,Hamline University,"Private School, Religious","$44,300","$80,500",67%,12%
327,Bellarmine University,"Private School, Religious","$45,200","$80,400",68%,10%
328,Biola University,"Private School, Religious","$43,000","$80,400",56%,8%
329,Merrimack College,"Private School, Religious","$51,400","$80,400",45%,17%
330,West Virginia University (WVU) - Main Campus,"State School, Research University, Party School, For Sports Fans","$48,500","$80,400",54%,22%
331,University of Maryland - Eastern Shore Campus,State School,"$39,200","$80,300",67%,16%
332,University of Tennessee,"State School, Research University, For Sports Fans","$46,500","$80,300",54%,20%
333,CUNY - Brooklyn College,"State School, Sober School","$43,100","$80,200",48%,10%
334,Morehouse College,"Private School, Liberal Arts School","$50,000","$80,100",55%,24%
335,The College of New Jersey (TCNJ),State School,"$51,100","$80,000",43%,22%
336,Emerson College,Private School,"$43,100","$79,800",37%,0%
337,"Touro College - New York, NY",Private School,"$50,200","$79,800",54%,11%
338,Susquehanna University,"Private School, Liberal Arts School, Religious","$42,900","$79,700",43%,13%
339,University of Alaska - Anchorage Campus,State School,"$52,400","$79,700",61%,15%
340,"Dickinson College - Carlisle, PA","Private School, Liberal Arts School","$45,500","$79,600",53%,21%
341,CUNY - City College,"State School, Sober School","$51,300","$79,500",52%,27%
342,Minnesota State University - Mankato Campus,State School,"$45,600","$79,500",59%,12%
343,University of Maine at Orono,"State School, Research University, For Sports Fans","$50,600","$79,500",59%,21%
344,Houston Baptist University,"Private School, Religious, For Sports Fans","$49,200","$79,400",63%,19%
345,University of Wyoming (UW),"State School, Research University, For Sports Fans","$48,500","$79,400",58%,24%
346,"Trine University - Angola, IN",Private School,"$54,600","$79,200",57%,41%
347,University of Detroit Mercy (UDM),"Private School, Religious, For Sports Fans","$50,300","$79,200",63%,16%
348,University of Texas at Dallas,"State School, Research University","$51,100","$79,100",47%,29%
349,University of Wisconsin (UW) - Platteville Campus,State School,"$55,500","$79,100",53%,33%
350,North Dakota State University (NDSU),"State School, Research University, For Sports Fans","$49,500","$79,000",61%,24%
351,Prairie View A & M University,"State School, For Sports Fans","$52,100","$79,000",67%,20%
352,University of Minnesota - Duluth Campus,State School,"$48,900","$78,900",43%,28%
353,"Oakland University - Rochester Hills, MI","State School, For Sports Fans","$47,300","$78,700",50%,13%
354,University of Massachusetts (UMass) - Boston Campus,"State School, Research University","$46,600","$78,600",65%,11%
355,Central College,"Private School, Liberal Arts School, Religious","$43,300","$78,500",64%,17%
356,Marist College,"Private School, For Sports Fans","$48,100","$78,500",39%,11%
357,"Lake Superior State University - Sault Ste Marie, MI",State School,"$39,900","$78,400",55%,19%
358,Suffolk University,Private School,"$45,700","$78,400",43%,8%
359,Canisius College,"Private School, Religious, For Sports Fans","$39,800","$78,300",43%,16%
360,SUNY - Institute of Technology (SUNYIT),State School,"$45,700","$78,300",47%,17%
361,Framingham State University,State School,"$43,400","$78,100",55%,9%
362,"Marymount University - Arlington, VA","Private School, Religious","$46,000","$78,100",59%,8%
363,Stephen F. Austin State University (SFA),"State School, For Sports Fans","$40,700","$78,100",63%,6%
364,Worcester State University,State School,"$44,700","$78,100",41%,12%
365,Dowling College,Private School,"$44,400","$78,000",52%,5%
366,University of Miami (UM) - Florida,"Private School, Research University, For Sports Fans","$50,600","$78,000",56%,26%
367,SUNY - College of Environmental Science and Forestry (SUNY-ESF),"State School, Engineering School","$46,200","$77,900",55%,52%
368,Daemen College,Private School,"$38,200","$77,800",62%,1%
369,Hartwick College,"Private School, Liberal Arts School","$46,300","$77,800",52%,19%
370,Creighton University,"Private School, Religious, For Sports Fans","$44,800","$77,700",50%,19%
371,Mississippi State University (MSU),"State School, Research University, For Sports Fans","$45,200","$77,700",55%,23%
372,Temple University,"State School, Research University, For Sports Fans","$45,600","$77,700",48%,13%
373,Western Connecticut State University,State School,"$42,900","$77,700",50%,6%
374,Le Moyne College,"Private School, Religious","$38,200","$77,600",57%,19%
375,University of Louisiana - Monroe Campus,"State School, For Sports Fans","$45,000","$77,600",73%,10%
376,"Allegheny College - Meadville, PA","Private School, Liberal Arts School, Religious","$39,700","$77,500",57%,31%
377,"Carroll College - Helena, MT","Private School, Religious","$45,200","$77,500",63%,31%
378,Eastern Illinois University,"State School, For Sports Fans","$42,500","$77,500",54%,7%
379,Southern Illinois University (SIU) - Carbondale Campus,"State School, Research University, For Sports Fans","$44,600","$77,500",55%,11%
380,"Loyola University - Chicago, IL","Private School, Research University, Religious, For Sports Fans","$45,600","$77,400",44%,19%
381,Ohio University - Main Campus,"State School, Research University, Party School, For Sports Fans","$45,800","$77,400",49%,8%
382,University of Akron - Main Campus,"State School, Research University, For Sports Fans","$46,600","$77,300",50%,16%
383,Christian Brothers University,"Private School, Religious","$47,800","$77,200",N/A,24%
384,National University,Private School,"$50,900","$77,200",61%,7%
385,North Carolina A&T State University,"State School, For Sports Fans","$50,500","$77,200",59%,21%
386,Texas Christian University (TCU),"Private School, Religious, For Sports Fans","$47,800","$77,200",49%,10%
387,University of Alabama - Main Campus,"State School, Research University, For Sports Fans","$45,200","$77,200",55%,13%
388,Valparaiso University,"Private School, Religious, For Sports Fans","$46,300","$77,200",62%,24%
389,Cleveland State University,"State School, Research University, For Sports Fans","$45,200","$77,100",52%,13%
390,University of Bridgeport (UB),Private School,"$41,600","$77,100",63%,4%
391,Western Michigan University (WMU),"State School, Research University, For Sports Fans","$45,700","$77,100",51%,13%
392,Gannon University,"Private School, Religious","$42,900","$77,000",71%,15%
393,"Northwood University - Midland, MI","Private School, Business School","$43,300","$77,000",47%,3%
394,University of South Florida - Main Campus,"State School, Research University, For Sports Fans","$45,000","$77,000",53%,18%
395,The College of Wooster,"Private School, Liberal Arts School","$38,600","$76,900",62%,27%
396,University of Hawaii at Manoa,"State School, Research University, For Sports Fans","$44,500","$76,900",59%,14%
397,University of Oregon,"State School, Research University, For Sports Fans","$44,100","$76,900",47%,12%
398,"Assumption College - Worcester, MA","Private School, Religious","$51,200","$76,800",49%,14%
399,Curry College,Private School,"$49,800","$76,800",64%,3%
400,Oglethorpe University,"Private School, Liberal Arts School","$41,300","$76,800",61%,8%
401,Texas A&M University - Kingsville Campus,State School,"$48,700","$76,800",66%,15%
402,"Augustana College - Sioux Falls, SD","Private School, Religious","$41,500","$76,700",53%,20%
403,Hawaii Pacific University,Private School,"$43,800","$76,700",60%,13%
404,Rider University,"Private School, For Sports Fans","$46,100","$76,600",44%,8%
405,University of Mary Washington,State School,"$46,200","$76,600",51%,19%
406,University of North Texas (UNT),"State School, Research University, For Sports Fans","$45,900","$76,600",46%,10%
407,Central Washington University (CWU),State School,"$45,800","$76,500",50%,13%
408,University of Toledo,"State School, Research University, For Sports Fans","$49,200","$76,500",58%,20%
409,Cabrini College,"Private School, Religious","$39,700","$76,400",50%,5%
410,Niagara University,"Private School, Religious, For Sports Fans","$40,000","$76,400",49%,7%
411,Northern Illinois University (NIU),"State School, Research University, For Sports Fans","$48,600","$76,400",48%,13%
412,Saint Francis University,"Private School, Religious, For Sports Fans","$44,300","$76,400",64%,17%
413,City University of Seattle,"Private School, Business School","$45,100","$76,300",62%,9%
414,Florida State University (FSU),"State School, Research University, Party School, For Sports Fans","$43,100","$76,300",47%,14%
415,Wilkes University,Private School,"$45,300","$76,300",49%,20%
416,Illinois State University,"State School, For Sports Fans","$43,700","$76,200",47%,9%
417,University of Arkansas - Main Campus,"State School, Research University, For Sports Fans","$48,600","$76,200",54%,20%
418,University of Houston Downtown (UHD),State School,"$47,000","$76,200",45%,5%
419,Stevenson University,Private School,"$44,300","$76,100",49%,14%
420,Thomas More College,"Private School, Religious","$38,800","$76,100",49%,12%
421,"Westminster College - Salt Lake City, UT",Private School,"$43,900","$76,100",44%,11%
422,Woodbury University,Private School,"$45,200","$76,100",39%,0%
423,Point Loma Nazarene University,"Private School, Religious","$44,400","$76,000",57%,12%
424,University of Nevada - Las Vegas (UNLV),"State School, Research University, For Sports Fans","$44,400","$76,000",44%,12%
425,Drew University,"Private School, Liberal Arts School, Religious","$47,000","$75,900",46%,19%
426,Illinois Wesleyan University (IWU),"Private School, Liberal Arts School","$49,500","$75,900",41%,15%
427,Manhattanville College,Private School,"$46,500","$75,900",50%,8%
428,Chapman University,"Private School, Religious","$47,200","$75,700",54%,5%
429,Coe College,"Private School, Liberal Arts School, Religious","$44,100","$75,700",41%,19%
430,SUNY - College at Potsdam,State School,"$35,600","$75,700",60%,14%
431,South Carolina State University,"State School, For Sports Fans","$37,500","$75,700",76%,16%
432,University of North Carolina at Charlotte (UNCC),"State School, For Sports Fans","$48,000","$75,700",47%,19%
433,University of Wisconsin (UWEC) - Eau Claire,State School,"$46,000","$75,700",47%,14%
434,Eastern University,"Private School, Religious","$39,700","$75,600",68%,5%
435,Misericordia University,"Private School, Religious","$43,000","$75,600",N/A,8%
436,South Dakota State University (SDSU),"State School, Research University, For Sports Fans","$43,500","$75,600",55%,15%
437,"Wayne State University - Detroit, MI","State School, Research University","$46,500","$75,600",52%,15%
438,Knox College,"Private School, Liberal Arts School","$43,000","$75,500",44%,17%
439,Texas Woman's University,State School,"$44,100","$75,500",72%,6%
440,University of Missouri - Kansas City (UMKC),"State School, Research University, For Sports Fans","$45,800","$75,500",53%,19%
441,Abilene Christian University,"Private School, Religious, For Sports Fans","$42,000","$75,400",N/A,10%
442,Azusa Pacific University,"Private School, Religious","$41,400","$75,400",73%,5%
443,St. Lawrence University,"Private School, Liberal Arts School","$51,000","$75,400",48%,30%
444,California State University - Fresno (Fresno State),"State School, For Sports Fans","$45,100","$75,300",61%,9%
445,Lewis University,"Private School, Religious","$44,700","$75,200",53%,10%
446,Northern Arizona University (NAU),"State School, Research University, For Sports Fans","$44,400","$75,200",59%,13%
447,Pittsburg State University,State School,"$42,000","$75,200",48%,7%
448,Purdue University - Calumet Campus,State School,"$43,200","$75,200",63%,11%
449,University of Pittsburgh - Johnstown Campus,State School,"$45,500","$75,200",60%,21%
450,Hope College,"Private School, Liberal Arts School, Religious","$41,400","$75,100",56%,19%
451,Walsh University - Ohio,"Private School, Religious","$40,200","$75,100",37%,11%
452,Augsburg College,"Private School, Religious","$45,200","$75,000",45%,10%
453,Texas A&M University - Corpus Christi Campus,"State School, For Sports Fans","$42,700","$75,000",64%,15%
454,Arkansas State University (ASU),"State School, For Sports Fans","$41,100","$74,900",54%,8%
455,Bloomfield College,"Private School, Liberal Arts School, Religious","$40,800","$74,900",50%,12%
456,California State University - San Bernardino (CSUSB),State School,"$40,700","$74,900",58%,9%
457,Lynchburg College,"Private School, Religious","$41,900","$74,900",64%,12%
458,Notre Dame de Namur University (NDNU),"Private School, Religious","$47,900","$74,900",62%,15%
459,"Sacred Heart University - Fairfield, CT","Private School, Religious, For Sports Fans","$50,500","$74,900",45%,7%
460,University of Findlay,"Private School, Religious","$48,800","$74,900",54%,9%
461,University of Nebraska at Omaha,"State School, For Sports Fans","$42,500","$74,900",53%,13%
462,University of New Orleans (UNO),"State School, Research University, For Sports Fans","$47,700","$74,900",56%,23%
463,Berklee College of Music,"Private School, Arts, Music & Design School","$38,500","$74,800",49%,0%
464,Embry-Riddle Aeronautical University (ERAU) Worldwide,Private School,"$56,500","$74,800",73%,0%
465,Florida International University (FIU),"State School, Research University, For Sports Fans","$42,900","$74,800",53%,16%
466,McKendree University,"Private School, Religious","$44,400","$74,700",50%,8%
467,Midwestern State University (MSU),State School,"$47,400","$74,700",62%,10%
468,Saint Louis University (SLU),"Private School, Research University, Religious, For Sports Fans","$46,800","$74,700",63%,18%
469,University of Colorado at Colorado Springs,State School,"$46,400","$74,700",55%,20%
470,University of Texas at El Paso (UTEP),"State School, Research University, For Sports Fans","$40,600","$74,700",64%,22%
471,National Louis University,Private School,"$44,100","$74,600",77%,0%
472,Old Dominion University,"State School, Research University, For Sports Fans","$45,200","$74,600",53%,15%
473,Xavier University,"Private School, Religious, Sober School, For Sports Fans","$46,100","$74,600",54%,11%
474,SUNY - Purchase College,"State School, Liberal Arts School","$43,200","$74,500",47%,5%
475,Southwestern Oklahoma State University,State School,"$39,200","$74,500",60%,7%
476,Texas State University - San Marcos Campus,"State School, For Sports Fans","$45,400","$74,500",48%,7%
477,Towson University,"State School, For Sports Fans","$44,500","$74,500",53%,12%
478,Western Governors University (WGU),Private School,"$51,600","$74,500",58%,14%
479,Linfield College,"Private School, Liberal Arts School, Religious","$44,400","$74,400",53%,14%
480,Moravian College and Moravian Theological Seminary,"Private School, Liberal Arts School, Religious","$48,700","$74,400",45%,16%
481,"Regis University - Denver, CO","Private School, Religious","$51,800","$74,400",61%,10%
482,Wichita State University,"State School, Research University, For Sports Fans","$44,000","$74,400",55%,17%
483,Hampton University,"Private School, For Sports Fans","$42,800","$74,300",64%,16%
484,Truman State University,State School,"$39,700","$74,300",49%,18%
485,University of Wisconsin (UW) - La Crosse Campus,State School,"$42,700","$74,300",48%,20%
486,"Augustana College - Rock Island, IL","Private School, Liberal Arts School, Religious","$39,900","$74,200",49%,33%
487,Birmingham Southern College,"Private School, Liberal Arts School, Religious","$40,200","$74,200",45%,21%
488,University of Northern Colorado,"State School, For Sports Fans","$41,500","$74,200",57%,7%
489,Albright College,"Private School, Liberal Arts School, Religious","$47,900","$74,100",42%,12%
490,Portland State University (PSU),"State School, Research University, For Sports Fans","$45,400","$74,100",49%,14%
491,"St. John Fisher College - Rochester, NY","Private School, Religious","$40,000","$74,100",41%,13%
492,Calvin College,"Private School, Liberal Arts School, Religious, Sober School","$43,600","$74,000",56%,21%
493,Central Connecticut State University,"State School, For Sports Fans","$48,000","$74,000",44%,12%
494,Kennesaw State University,"State School, For Sports Fans","$43,800","$74,000",48%,12%
495,Muhlenberg College,"Private School, Liberal Arts School, Religious","$48,900","$74,000",58%,20%
496,St. Xavier University,"Private School, Religious","$43,400","$74,000",57%,13%
497,University of Nevada - Reno (UNR),"State School, Research University, For Sports Fans","$47,400","$74,000",56%,26%
498,CUNY - Hunter College,State School,"$45,700","$73,900",63%,13%
499,"Cameron University - Lawton, OK",State School,"$39,800","$73,900",49%,14%
500,Indiana Institute Of Technology,"Private School, Business School","$43,900","$73,900",54%,12%
501,Shepherd University,State School,"$41,300","$73,900",47%,11%
502,University of Mississippi,"State School, Research University, Party School, For Sports Fans","$42,400","$73,900",55%,11%
503,University of South Carolina - Main Campus,"State School, Research University, For Sports Fans","$44,900","$73,900",50%,21%
504,Baker University,"Private School, Business School, Religious","$41,100","$73,800",66%,5%
505,"Bowling Green State University - Bowling Green, OH","State School, Research University, For Sports Fans","$41,400","$73,800",46%,7%
506,Holy Family University,"Private School, Religious","$40,800","$73,800",N/A,4%
507,Oklahoma Wesleyan University (OWU),"Private School, Religious","$41,000","$73,700",N/A,3%
508,California State University - Los Angeles (CSULA),State School,"$42,200","$73,600",53%,12%
509,University of Louisville,"State School, Research University, For Sports Fans","$44,100","$73,600",56%,17%
510,"York College - York, PA",Private School,"$48,800","$73,600",51%,10%
511,William Paterson University,State School,"$41,200","$73,500",41%,8%
512,Beloit College,"Private School, Liberal Arts School","$38,200","$73,400",50%,21%
513,University of South Dakota,"State School, Research University, For Sports Fans","$40,800","$73,400",60%,8%
514,University of St. Francis,"Private School, Religious","$43,500","$73,400",77%,9%
515,University of Texas at San Antonio (UTSA),"State School, Research University, For Sports Fans","$46,100","$73,300",55%,17%
516,University of Louisiana (UL) at Lafayette,"State School, Research University, For Sports Fans","$45,500","$73,200",51%,15%
517,CUNY - John Jay College Criminal Justice,State School,"$38,300","$73,100",61%,1%
518,California State University - San Marcos (CSUSM),State School,"$45,900","$73,100",52%,8%
519,Campbell University,"Private School, Religious, For Sports Fans","$42,500","$73,100",46%,10%
520,Keene State College,State School,"$45,100","$73,100",56%,6%
521,Molloy College,"Private School, Religious","$56,100","$73,100",62%,4%
522,"Mount Saint Mary College - Newburgh, NY","Private School, Religious, For Sports Fans","$50,500","$73,100",56%,13%
523,Saint Cloud State University,State School,"$46,000","$73,100",58%,12%
524,University of New Haven,Private School,"$46,200","$73,100",56%,18%
525,University of Tampa,Private School,"$40,700","$73,100",48%,9%
526,Ferris State University,State School,"$47,700","$73,000",51%,10%
527,Grand View University (GVU),"Private School, Religious","$36,700","$73,000",53%,10%
528,Philadelphia University,Private School,"$45,100","$73,000",45%,6%
529,SUNY - College at Old Westbury,"State School, Liberal Arts School","$39,800","$73,000",37%,8%
530,Utica College,Private School,"$47,600","$73,000",64%,7%
531,William Jewell College,"Private School, Liberal Arts School","$44,400","$73,000",N/A,8%
532,Franklin Pierce University,Private School,"$40,200","$72,900",57%,8%
533,Fitchburg State College,State School,"$39,300","$72,800",41%,7%
534,University of South Carolina - Upstate Campus,"State School, For Sports Fans","$41,500","$72,800",39%,9%
535,Frostburg State University,State School,"$41,000","$72,700",62%,16%
536,Gwynedd-Mercy University,"Private School, Religious","$45,600","$72,700",59%,3%
537,University of La Verne,Private School,"$44,400","$72,700",60%,4%
538,Central State University,State School,"$39,700","$72,600",N/A,14%
539,Eastern New Mexico University - Main Campus,State School,"$39,800","$72,600",58%,8%
540,Elmhurst College,"Private School, Religious","$44,400","$72,600",53%,11%
541,Lipscomb University,"Private School, Religious, For Sports Fans","$42,000","$72,600",72%,18%
542,Shippensburg University of Pennsylvania,State School,"$43,000","$72,600",44%,16%
543,Indiana University-Purdue University - Indianapolis (IUPUI),"State School, Research University, For Sports Fans","$44,500","$72,500",63%,12%
544,"Marian University - Fond Du Lac, WI","Private School, Religious","$41,100","$72,500",54%,4%
545,Olivet Nazarene University,"Private School, Religious","$45,300","$72,500",61%,11%
546,Webster University,Private School,"$39,800","$72,500",56%,10%
547,California State University - Bakersfield (CSUB),"State School, For Sports Fans","$41,600","$72,400",54%,13%
548,Elon University,"Private School, For Sports Fans","$45,900","$72,400",42%,8%
549,Indiana State University,"State School, For Sports Fans","$44,400","$72,400",61%,8%
550,Muskingum University,"Private School, Religious","$35,300","$72,400",50%,15%
551,Rowan University,State School,"$47,100","$72,400",45%,17%
552,SUNY - College at Plattsburgh,State School,"$39,000","$72,400",53%,10%
553,Northeastern Illinois University,State School,"$40,400","$72,300",59%,12%
554,Texas A&M University - Commerce Campus,State School,"$42,100","$72,300",52%,7%
555,The Richard Stockton College of New Jersey,State School,"$41,700","$72,200",52%,17%
556,University of Northern Iowa,"State School, For Sports Fans","$42,900","$72,200",48%,11%
557,West Texas A & M University,State School,"$46,700","$72,200",62%,10%
558,Baldwin-Wallace College,"Private School, Religious","$41,800","$72,100",49%,13%
559,Eckerd College,"Private School, Liberal Arts School, Religious","$43,400","$72,100",52%,19%
560,Otterbein College,"Private School, Religious","$44,300","$72,100",39%,7%
561,Radford University,"State School, For Sports Fans","$41,400","$72,100",56%,11%
562,Clarion University of Pennsylvania,State School,"$37,300","$72,000",51%,12%
563,University of Wisconsin (UW) - Stout Campus,State School,"$47,600","$72,000",47%,12%
564,Indiana University of Pennsylvania (IUP),State School,"$42,000","$71,900",48%,6%
565,"Loyola University - New Orleans, LA","Private School, Religious","$40,800","$71,900",44%,7%
566,"Southwestern College - Winfield, KS","Private School, Religious","$42,300","$71,900",61%,15%
567,Washington & Jefferson College,"Private School, Liberal Arts School","$44,600","$71,900",N/A,21%
568,College of Mount St. Joseph,"Private School, Religious","$40,200","$71,800",77%,9%
569,Jacksonville University,"Private School, For Sports Fans","$49,100","$71,800",59%,7%
570,SUNY - College at Oneonta,State School,"$42,100","$71,800",38%,12%
571,Salem State University,State School,"$41,800","$71,800",59%,9%
572,University of Wisconsin (UWM) - Milwaukee,"State School, Research University, For Sports Fans","$45,600","$71,800",54%,15%
573,University of Wisconsin (UWW) - Whitewater,State School,"$43,100","$71,800",39%,7%
574,Weber State University,"State School, For Sports Fans","$52,000","$71,800",60%,10%
575,Benedictine University,"Private School, Religious","$45,500","$71,600",51%,10%
576,Kean University,State School,"$42,400","$71,600",54%,10%
577,Minnesota State University - Moorhead Campus,State School,"$41,100","$71,600",54%,10%
578,Simmons College,"Private School, Sober School","$50,200","$71,600",67%,8%
579,Xavier University of Louisiana,"Private School, Engineering School, Liberal Arts School, Religious","$35,000","$71,600",N/A,57%
580,Youngstown State University (YSU),"State School, For Sports Fans","$44,300","$71,600",54%,19%
581,Cleary University,"Private School, Business School","$44,800","$71,500",42%,0%
582,Edgewood College,"Private School, Religious","$44,000","$71,500",58%,11%
583,Oklahoma City University,"Private School, Religious","$47,300","$71,500",56%,4%
584,University of Alabama - Birmingham Campus,"State School, Research University, For Sports Fans","$45,300","$71,500",72%,18%
585,California University of Pennsylvania (Cal U),State School,"$40,400","$71,400",55%,11%
586,American International College,Private School,"$52,400","$71,300",74%,1%
587,DeSales University,"Private School, Religious","$45,600","$71,300",55%,9%
588,Messiah College,"Private School, Religious","$46,000","$71,300",64%,14%
589,North Georgia College and State University,State School,"$39,500","$71,300",57%,13%
590,Florida Atlantic University (FAU),"State School, Research University, For Sports Fans","$45,100","$71,200",53%,16%
591,Longwood University,"State School, For Sports Fans","$39,700","$71,200",57%,9%
592,"Robert Morris University (RMU) - Moon Township, PA","Private School, For Sports Fans","$44,600","$71,200",41%,15%
593,Ball State University (BSU),"State School, Research University, For Sports Fans","$39,800","$71,100",55%,5%
594,"Emmanuel College - Boston, MA","Private School, Religious","$44,900","$71,100",47%,16%
595,Dallas Baptist University,"Private School, Religious","$46,200","$71,000",64%,5%
596,Massachusetts College of Art and Design,"State School, Arts, Music & Design School","$44,200","$71,000",43%,0%
597,McNeese State University,"State School, For Sports Fans","$44,600","$71,000",65%,10%
598,Mount Mercy University,"Private School, Religious","$43,400","$71,000",53%,7%
599,University of Maryland - Baltimore Campus,State School,"$59,000","$71,000",75%,0%
600,Belmont University,"Private School, Religious, For Sports Fans","$40,800","$70,900",48%,4%
601,Brigham Young University (BYU) - Idaho Campus,"Private School, Religious","$49,200","$70,900",58%,17%
602,Fort Lewis College,"State School, Liberal Arts School","$42,100","$70,900",47%,16%
603,Harding University,"Private School, Religious","$42,200","$70,900",54%,13%
604,University of Montana,"State School, Research University, For Sports Fans","$40,000","$70,900",56%,11%
605,Winona State University,State School,"$43,700","$70,900",44%,11%
606,University of West Georgia,State School,"$43,900","$70,800",55%,12%
607,Carthage College,"Private School, Liberal Arts School, Religious","$44,000","$70,700",51%,14%
608,Salisbury University,State School,"$44,800","$70,700",44%,13%
609,University of Central Florida (UCF),"State School, Research University, For Sports Fans","$43,500","$70,700",49%,14%
610,Florida Agricultural and Mechanical (A&M) University (FAMU),"State School, For Sports Fans","$42,400","$70,600",59%,11%
611,University of Mount Union,"Private School, Religious","$40,100","$70,600",49%,17%
612,Western Illinois University,"State School, For Sports Fans","$41,500","$70,600",52%,8%
613,Nichols College,"Private School, Business School","$44,300","$70,500",33%,0%
614,Northern Kentucky University (NKU),"State School, For Sports Fans","$43,300","$70,500",45%,11%
615,West Chester University,State School,"$41,900","$70,500",49%,7%
616,College for Creative Studies,"Private School, Arts, Music & Design School","$47,900","$70,400",23%,0%
617,Eastern Connecticut State University,State School,"$44,200","$70,400",34%,12%
618,Georgia State University,"State School, Research University, For Sports Fans","$45,700","$70,400",54%,15%
619,Nova Southeastern University,"Private School, Research University","$44,500","$70,400",62%,19%
620,Wright State University - Main Campus,"State School, Research University, For Sports Fans","$45,300","$70,400",57%,20%
621,Rivier College,"Private School, Religious","$48,500","$70,300",52%,4%
622,Saginaw Valley State University (SVSU),State School,"$42,700","$70,300",49%,15%
623,University of Mary Hardin-Baylor (UMHB),"Private School, Religious","$44,500","$70,300",43%,10%
624,University of Missouri - St. Louis Campus,"State School, Research University","$44,100","$70,300",53%,11%
625,Idaho State University (ISU),"State School, Research University, For Sports Fans","$45,200","$70,200",60%,16%
626,SUNY - College at Oswego,State School,"$38,900","$70,200",48%,11%
627,Shawnee State University,"State School, Liberal Arts School","$43,700","$70,200",50%,11%
628,Utah Valley University,"State School, For Sports Fans","$44,600","$70,200",59%,11%
629,Appalachian State University,"State School, For Sports Fans","$41,300","$70,100",53%,8%
630,Eastern Michigan University,"State School, For Sports Fans","$41,800","$70,100",56%,6%
631,"Bethel University - Saint Paul, MN","Private School, Religious","$44,400","$70,000",59%,11%
632,Hiram College,"Private School, Liberal Arts School","$40,000","$70,000",43%,19%
633,Missouri State University (MSU),"State School, For Sports Fans","$40,300","$70,000",51%,9%
634,University of Baltimore,State School,"$48,300","$70,000",52%,3%
635,University of Texas at Tyler,State School,"$47,600","$70,000",50%,12%
636,Eastern Kentucky University,"State School, For Sports Fans","$40,000","$69,900",58%,6%
637,Husson University,Private School,"$42,200","$69,900",59%,6%
638,Metropolitan State University,State School,"$44,200","$69,900",55%,8%
639,Metropolitan State University of Denver,State School,"$44,300","$69,900",52%,9%
640,Rollins College,Private School,"$44,500","$69,900",50%,8%
641,"St. Joseph's College (SJC) - Brooklyn, NY",Private School,"$36,800","$69,900",59%,9%
642,East Carolina University (ECU),"State School, For Sports Fans","$43,100","$69,800",60%,11%
643,Sam Houston State University,"State School, For Sports Fans","$42,600","$69,800",49%,5%
644,"University of St. Thomas - Houston, TX","Private School, Religious","$44,900","$69,800",65%,13%
645,Virginia Commonwealth University (VCU),"State School, Research University, For Sports Fans","$44,600","$69,800",49%,18%
646,California State University - Dominguez Hills (CSUDH),State School,"$43,600","$69,700",68%,6%
647,Florida Southern College,"Private School, Religious","$40,300","$69,700",48%,11%
648,Franciscan University of Steubenville,"Private School, Religious","$45,500","$69,700",61%,10%
649,Park University,"Private School, Business School","$43,400","$69,700",54%,4%
650,Central Michigan University,"State School, For Sports Fans","$41,800","$69,500",49%,10%
651,University of Wisconsin (UW) - River Falls Campus,State School,"$41,900","$69,500",55%,16%
652,Angelo State University,State School,"$43,800","$69,400",62%,12%
653,Hood College,Private School,"$39,900","$69,400",53%,15%
654,Tarleton State University (TSU),State School,"$41,800","$69,400",53%,9%
655,Austin Peay State University,"State School, For Sports Fans","$39,200","$69,300",60%,11%
656,Point Park University,Private School,"$39,200","$69,300",40%,5%
657,Capital University,"Private School, Religious","$42,100","$69,200",51%,7%
658,"Doane College - Lincoln, NE","Private School, Business School","$41,100","$69,200",N/A,0%
659,Rhode Island College,State School,"$42,100","$69,200",51%,5%
660,University of Central Missouri,State School,"$42,300","$69,200",56%,7%
661,University of Indianapolis,"Private School, Religious","$42,800","$69,200",64%,7%
662,Winston-Salem State University,State School,"$43,300","$69,200",74%,4%
663,Berry College,"Private School, Liberal Arts School","$37,200","$69,100",38%,17%
664,Eastern Washington University,"State School, For Sports Fans","$47,100","$69,100",56%,14%
665,School of the Art Institute of Chicago,"Private School, Arts, Music & Design School","$39,700","$69,100",50%,0%
666,Boise State University (BSU),"State School, For Sports Fans","$42,200","$69,000",58%,13%
667,High Point University,"Private School, Religious, For Sports Fans","$42,400","$68,900",36%,8%
668,Langston University,State School,"$40,500","$68,900",72%,9%
669,University of North Florida (UNF),"State School, For Sports Fans","$42,600","$68,900",55%,10%
670,John Brown University,Private School,"$38,900","$68,800",58%,10%
671,Saint Mary's University of Minnesota,"Private School, Religious","$46,100","$68,800",69%,14%
672,Nicholls State University,"State School, For Sports Fans","$37,900","$68,700",55%,5%
673,Northwest Nazarene University,"Private School, Religious","$36,500","$68,600",64%,10%
674,Nyack College,"Private School, Religious","$36,600","$68,600",59%,0%
675,University of Illinois at Springfield,State School,"$43,000","$68,600",54%,21%
676,Indiana University-Purdue University - Fort Wayne (IPFW),"State School, For Sports Fans","$41,800","$68,500",59%,14%
677,Troy University,"State School, For Sports Fans","$38,600","$68,500",67%,10%
678,"Bellevue University - Bellevue, NE","Private School, Business School","$44,800","$68,400",54%,13%
679,Savannah College of Art and Design (SCAD),"Private School, Arts, Music & Design School","$41,000","$68,400",30%,0%
680,Slippery Rock University,State School,"$40,200","$68,400",58%,8%
681,Texas Wesleyan University,"Private School, Religious","$34,900","$68,400",90%,3%
682,Aurora University,Private School,"$41,700","$68,300",59%,6%
683,Tuskegee University,Private School,"$53,300","$68,300",69%,28%
684,University of Tennessee at Chattanooga (UTC),"State School, For Sports Fans","$40,900","$68,300",54%,18%
685,University of Wisconsin (UWP) - Parkside,"State School, Liberal Arts School","$43,000","$68,300",52%,11%
686,Georgia Southern University,"State School, For Sports Fans","$45,500","$68,200",52%,16%
687,George Fox University,"Private School, Religious","$49,700","$68,100",53%,17%
688,Immaculata University,"Private School, Religious","$46,300","$68,100",70%,3%
689,Oral Roberts University (ORU),"Private School, Religious, For Sports Fans","$40,100","$68,100",64%,10%
690,SUNY - Empire State College,State School,"$41,600","$68,100",58%,6%
691,Carlow University,"Private School, Religious","$37,700","$68,000",44%,15%
692,Roger Williams University,Private School,"$49,600","$68,000",51%,12%
693,Belmont Abbey College,"Private School, Religious","$43,500","$67,900",48%,6%
694,Saint Leo University,"Private School, Religious","$39,400","$67,900",56%,7%
695,"University of the Arts (UArts) - Philadelphia, PA","Private School, Arts, Music & Design School","$42,400","$67,900",38%,0%
696,Western State College of Colorado,"State School, Liberal Arts School","$45,800","$67,800",68%,15%
697,"Carroll University - Waukesha, WI","Private School, Religious","$39,000","$67,700",45%,14%
698,Southern New Hampshire University,Private School,"$44,900","$67,700",47%,7%
699,University of North Carolina at Wilmington (UNCW),"State School, For Sports Fans","$39,800","$67,600",51%,13%
700,"East Central University - Ada, OK",State School,"$40,200","$67,500",73%,10%
701,Pennsylvania College of Technology,State School,"$50,200","$67,500",51%,7%
702,St. Ambrose University,"Private School, Religious","$43,200","$67,500",60%,12%
703,Colorado Christian University,"Private School, Religious","$44,400","$67,400",70%,3%
704,Roosevelt University,Private School,"$40,800","$67,400",53%,9%
705,Vanguard University of Southern California,"Private School, Religious","$42,000","$67,400",71%,3%
706,Christopher Newport University,State School,"$44,500","$67,300",58%,23%
707,SUNY - New Paltz,State School,"$40,400","$67,300",52%,8%
708,Southern Utah University,"State School, For Sports Fans","$40,400","$67,300",49%,12%
709,Avila University,"Private School, Religious","$39,700","$67,200",N/A,3%
710,Marshall University,"State School, For Sports Fans","$40,400","$67,200",57%,10%
711,"Simpson College - Indianola, IA","Private School, Liberal Arts School, Religious","$42,900","$67,200",48%,17%
712,Jacksonville State University (JSU),"State School, For Sports Fans","$40,300","$67,100",52%,7%
713,Northwest Missouri State University,State School,"$42,200","$67,100",55%,11%
714,Southern Illinois University (SIU) - Edwardsville Campus,"State School, For Sports Fans","$48,300","$67,100",50%,18%
715,University of Memphis (U of M),"State School, Research University, For Sports Fans","$44,500","$67,100",60%,10%
716,Southeastern Oklahoma State University,State School,"$42,400","$67,000",69%,9%
717,Barry University,"Private School, Religious","$46,500","$66,900",66%,14%
718,Millersville University of Pennsylvania,State School,"$41,500","$66,900",42%,17%
719,Stetson University,"Private School, For Sports Fans","$37,500","$66,900",50%,9%
720,Wayland Baptist University,"Private School, Religious","$46,000","$66,900",66%,1%
721,Alabama A&M University (AAMU),"State School, For Sports Fans","$45,700","$66,800",50%,26%
722,Northwestern State University,"State School, For Sports Fans","$39,000","$66,800",61%,7%
723,Western Kentucky University,"State School, For Sports Fans","$41,200","$66,800",58%,14%
724,Emporia State University,State School,"$38,700","$66,700",68%,11%
725,"Manchester College - North Manchester, IN","Private School, Religious","$47,600","$66,700",70%,8%
726,"Saint Mary's College - Notre Dame, IN","Private School, Liberal Arts School, Religious","$47,700","$66,700",43%,10%
727,New Jersey City University,State School,"$44,000","$66,600",40%,9%
728,Southern Nazarene University,"Private School, Religious","$41,000","$66,600",58%,6%
729,"Union University - Jackson, TN","Private School, Religious","$42,200","$66,600",62%,8%
730,University of Nebraska Medical Center,State School,"$50,600","$66,600",91%,0%
731,Brenau University,Private School,"$43,100","$66,400",48%,5%
732,Walsh College of Accountancy and Business Administration,"Private School, Business School","$48,400","$66,400",42%,4%
733,Western Oregon University,State School,"$38,600","$66,400",52%,7%
734,Waynesburg University,"Private School, Religious","$44,500","$66,300",50%,12%
735,Kent State University (KSU),"State School, Research University, For Sports Fans","$41,000","$66,200",52%,9%
736,St Petersburg College,State School,"$44,100","$66,200",56%,8%
737,University of Arkansas - Little Rock Campus,"State School, For Sports Fans","$43,800","$66,200",47%,11%
738,University of Central Oklahoma (UCO),State School,"$41,600","$66,200",59%,7%
739,Murray State University,"State School, For Sports Fans","$40,200","$66,100",52%,9%
740,Augusta State University,State School,"$38,200","$66,000",57%,9%
741,Athens State University,State School,"$40,500","$65,900",47%,7%
742,Texas Southern University,"State School, For Sports Fans","$43,300","$65,900",56%,12%
743,University of Wisconsin (UW) - Stevens Point Campus,State School,"$41,700","$65,900",52%,15%
744,Fort Hays State University (FHSU),State School,"$40,900","$65,800",59%,6%
745,Middle Tennessee State University (MTSU),"State School, For Sports Fans","$42,100","$65,800",54%,7%
746,Clayton State University,State School,"$42,600","$65,700",48%,7%
747,Evergreen State College,State School,"$40,400","$65,700",57%,0%
748,University of South Alabama,"State School, Research University, For Sports Fans","$45,000","$65,700",63%,20%
749,Clark Atlanta University (CAU),"Private School, Religious","$41,200","$65,600",57%,12%
750,Mercy College,Private School,"$39,100","$65,600",51%,4%
751,Trevecca Nazarene University,"Private School, Religious","$44,800","$65,600",60%,9%
752,Franklin University,"Private School, Business School","$44,700","$65,400",53%,8%
753,Governors State University,State School,"$40,800","$65,400",43%,7%
754,Mesa State College,"State School, Liberal Arts School","$42,600","$65,400",58%,14%
755,Delaware Valley College,Private School,"$35,500","$65,100",62%,17%
756,Andrews University,"Private School, Religious","$43,100","$65,000",70%,16%
757,Bowie State University (BSU),State School,"$46,000","$65,000",71%,11%
758,University of Nebraska at Kearney,State School,"$39,100","$65,000",60%,7%
759,Charleston Southern University (CSU),"Private School, Religious, For Sports Fans","$35,200","$64,900",47%,10%
760,Keuka College,"Private School, Religious","$37,400","$64,900",53%,3%
761,Lock Haven University,State School,"$37,300","$64,900",44%,10%
762,Luther College,"Private School, Liberal Arts School, Religious","$41,300","$64,900",50%,19%
763,Grand Valley State University,State School,"$41,500","$64,800",49%,11%
764,West Virginia State University,"State School, Liberal Arts School","$32,200","$64,800",N/A,6%
765,Cedarville University,"Private School, Religious","$46,900","$64,700",44%,15%
766,College of the Ozarks,"Private School, Religious, Sober School","$37,500","$64,700",N/A,10%
767,"Columbia College - Columbia, MO","Private School, Religious","$39,500","$64,700",58%,3%
768,East Stroudsburg University (ESU),State School,"$39,500","$64,700",56%,12%
769,University of West Florida (UWF),State School,"$39,500","$64,700",57%,15%
770,Moore College of Art and Design,"Private School, Arts, Music & Design School","$36,100","$64,600",N/A,0%
771,Quincy University,"Private School, Religious","$40,800","$64,600",54%,15%
772,University of Arkansas for Medical Sciences (UAMS),State School,"$46,200","$64,600",79%,0%
773,Granite State College,"State School, Liberal Arts School","$41,000","$64,500",N/A,1%
774,SUNY - College at Cortland,State School,"$41,600","$64,500",57%,6%
775,Mercer University,"Private School, For Sports Fans","$47,900","$64,400",69%,19%
776,Salve Regina University,"Private School, Religious","$46,400","$64,400",48%,8%
777,Valdosta State University (VSU),State School,"$37,700","$64,400",54%,10%
778,Armstrong Atlantic State University (AASU),State School,"$44,100","$64,300",79%,14%
779,Eastern Oregon University,State School,"$36,000","$64,300",54%,7%
780,Francis Marion University,State School,"$37,500","$64,300",48%,17%
781,"Johnson & Wales University (JWU) - Providence, RI",Private School,"$43,500","$64,300",44%,5%
782,Alverno College,"Private School, Religious","$41,900","$64,200",65%,7%
783,Georgia College & State University (GCSU),State School,"$41,800","$64,200",56%,12%
784,University of Southern Indiana,State School,"$39,300","$64,100",67%,9%
785,East Tennessee State University (ETSU),"State School, For Sports Fans","$40,100","$64,000",66%,8%
786,Geneva College,"Private School, Religious","$43,700","$64,000",56%,18%
787,"Mount Mary College - Milwaukee, WI","Private School, Religious","$38,900","$63,800",56%,6%
788,Plymouth State University,State School,"$41,900","$63,800",49%,8%
789,The College of Saint Scholastica,"Private School, Religious","$49,500","$63,800",65%,14%
790,University of Wisconsin (UW) - Oshkosh Campus,State School,"$42,900","$63,800",43%,11%
791,Indiana Wesleyan University (IWU),"Private School, Religious","$44,000","$63,700",57%,2%
792,The Sage Colleges,Private School,"$38,600","$63,700",54%,13%
793,Cedar Crest College,Private School,"$43,300","$63,600",49%,12%
794,Centenary College,"Private School, Religious","$38,100","$63,600",51%,3%
795,Southwest Minnesota State University (SMSU),State School,"$39,000","$63,600",52%,7%
796,Ursuline College,"Private School, Religious","$42,500","$63,600",N/A,2%
797,Westfield State University,State School,"$43,800","$63,600",47%,8%
798,Roberts Wesleyan College,"Private School, Religious","$44,400","$63,500",50%,3%
799,Southern Oregon University,State School,"$40,700","$63,500",69%,12%
800,University of Southern Maine (USM),State School,"$39,400","$63,500",54%,10%
801,Colorado State University (CSU) - Pueblo Campus,State School,"$44,400","$63,400",56%,11%
802,Lander University,State School,"$38,800","$63,400",55%,8%
803,Arkansas Tech University,State School,"$41,300","$63,300",55%,12%
804,Bridgewater State College,State School,"$41,700","$63,300",50%,10%
805,"Clarke College - Dubuque, IA","Private School, Religious","$39,500","$63,300",N/A,12%
806,Missouri Western State University,State School,"$40,100","$63,300",53%,13%
807,"Columbia College - Chicago, IL","Private School, Arts, Music & Design School","$41,900","$63,200",32%,0%
808,Mount Olive College,"Private School, Religious","$36,400","$63,200",64%,5%
809,Ripon College,"Private School, Liberal Arts School","$42,400","$63,200",51%,18%
810,"Baker College - Flint, MI",Private School,"$44,900","$63,100",53%,20%
811,Friends University,"Private School, Business School","$41,000","$63,100",61%,15%
812,Southern Connecticut State University (SCSU),State School,"$44,300","$63,100",50%,7%
813,Viterbo University,"Private School, Religious","$39,200","$63,100",64%,7%
814,Whitworth University,"Private School, Religious","$42,300","$63,100",64%,18%
815,Georgia Southwestern State University,State School,"$39,100","$63,000",55%,7%
816,Missouri Southern State University (MSSU),State School,"$41,900","$63,000",63%,11%
817,Madonna University,"Private School, Religious","$42,600","$62,900",57%,5%
818,Midamerica Nazarene University,"Private School, Religious","$42,200","$62,900",63%,2%
819,Marymount Manhattan College,"Private School, Liberal Arts School","$46,500","$62,800",47%,1%
820,Washburn University,State School,"$43,600","$62,800",46%,6%
821,SUNY - College at Buffalo,State School,"$38,300","$62,600",48%,6%
822,Malone University,"Private School, Religious","$42,000","$62,500",60%,8%
823,Morgan State University,"State School, For Sports Fans","$46,500","$62,500",57%,20%
824,Ashland University,"Private School, Religious","$40,900","$62,400",66%,11%
825,Millikin University,"Private School, Religious","$42,500","$62,400",61%,8%
826,University of The Incarnate Word,"Private School, Religious, For Sports Fans","$45,000","$62,400",56%,14%
827,Auburn University - Montgomery,State School,"$42,600","$62,300",55%,12%
828,Coppin State University (CSU),"State School, For Sports Fans","$37,200","$62,300",N/A,3%
829,California Baptist University,"Private School, Religious","$42,000","$62,200",58%,10%
830,Coastal Carolina University,"State School, For Sports Fans","$39,500","$62,200",43%,13%
831,Indiana University (IU) - Kokomo,State School,"$39,600","$62,200",N/A,5%
832,North Carolina Wesleyan College (NCWC),"Private School, Religious","$43,500","$62,200",72%,11%
833,Spring Arbor University,"Private School, Religious","$35,700","$62,200",70%,3%
834,University of Wisconsin (UW) - Green Bay Campus,"State School, For Sports Fans","$38,200","$62,200",47%,5%
835,SUNY - College at Brockport,State School,"$43,500","$62,100",66%,8%
836,College of Charleston,"State School, Party School, For Sports Fans","$44,100","$62,000",41%,19%
837,"Concordia College - Moorhead, MN","Private School, Liberal Arts School, Religious","$40,400","$62,000",64%,20%
838,"Concordia University - Mequon, WI","Private School, Religious","$43,300","$62,000",53%,8%
839,Morehead State University (Kentucky),"State School, For Sports Fans","$38,500","$62,000",63%,9%
840,Mount Holyoke College,"Private School, Liberal Arts School","$46,900","$62,000",66%,20%
841,University of Southern Mississippi (USM),"State School, Research University, For Sports Fans","$39,700","$61,900",60%,10%
842,West Liberty University,State School,"$38,800","$61,800",50%,3%
843,Evangel University,"Private School, Religious","$35,800","$61,700",59%,8%
844,Northeastern State University,State School,"$41,100","$61,700",63%,8%
845,CUNY - Lehman College,State School,"$40,900","$61,600",57%,7%
846,Northern Michigan University,State School,"$38,900","$61,600",53%,11%
847,Mount Vernon Nazarene University (MVNU),"Private School, Religious","$37,700","$61,500",57%,5%
848,University of Central Arkansas,"State School, For Sports Fans","$39,800","$61,500",57%,10%
849,Henderson State University,State School,"$39,900","$61,400",60%,10%
850,Houghton College,"Private School, Liberal Arts School, Religious","$36,600","$61,400",55%,13%
851,"Marian University - Indianapolis, IN","Private School, Religious","$45,000","$61,400",N/A,4%
852,Columbus State University,State School,"$40,500","$61,200",61%,11%
853,North Park University,"Private School, Religious","$38,900","$61,200",73%,7%
854,Southeastern Louisiana University,"State School, For Sports Fans","$39,800","$61,200",54%,7%
855,Southeast Missouri State University,"State School, For Sports Fans","$37,700","$61,100",56%,8%
856,Tennessee State University,"State School, For Sports Fans","$43,600","$61,100",70%,15%
857,Western Carolina University,"State School, For Sports Fans","$39,200","$61,100",62%,7%
858,Nebraska Wesleyan University (NWU),"Private School, Liberal Arts School, Religious","$42,300","$61,000",63%,14%
859,Our Lady of the Lake University (OLLU),"Private School, Religious","$39,800","$61,000",73%,12%
860,Chadron State College,State School,"$35,500","$60,800",60%,7%
861,Buena Vista University,"Private School, Religious","$35,800","$60,700",56%,5%
862,Wingate University,Private School,"$34,900","$60,700",N/A,16%
863,Cardinal Stritch University,"Private School, Business School, Religious","$49,200","$60,500",52%,3%
864,Marywood University,"Private School, Religious","$38,200","$60,500",56%,8%
865,University of Arkansas - Pine Bluff Campus,"State School, For Sports Fans","$39,800","$60,500",N/A,14%
866,University of North Alabama (UNA),State School,"$36,600","$60,500",65%,6%
867,University of South Carolina - Aiken Campus,State School,"$37,600","$60,500",57%,11%
868,University of Texas - Pan American (UTPA),"State School, For Sports Fans","$42,100","$60,500",73%,17%
869,Lindenwood University,Private School,"$41,000","$60,400",46%,8%
870,University of North Carolina at Greensboro (UNCG),"State School, Research University, For Sports Fans","$40,100","$60,400",51%,10%
871,Kutztown University of Pennsylvania,State School,"$38,400","$60,300",49%,8%
872,Upper Iowa University,Private School,"$40,400","$60,300",52%,1%
873,Bridgewater College,"Private School, Liberal Arts School, Religious","$36,000","$60,000",N/A,18%
874,Chicago State University (CSU),"State School, For Sports Fans","$39,400","$60,000",71%,6%
875,Barton College,"Private School, Religious","$37,000","$59,900",N/A,5%
876,Massachusetts College of Liberal Arts (MCLA),"State School, Liberal Arts School","$38,200","$59,900",48%,12%
877,Montana State University - Billings Campus,State School,"$39,900","$59,600",52%,4%
878,Carson Newman College,"Private School, Religious","$45,500","$59,500",65%,8%
879,Fairmont State University,State School,"$39,200","$59,500",56%,4%
880,"Lakeland College - Plymouth, WI","Private School, Business School, Religious","$43,600","$59,500",59%,13%
881,Siena Heights University,"Private School, Religious","$40,000","$59,500",46%,6%
882,University of Michigan - Flint Campus,State School,"$42,900","$59,500",58%,13%
883,Bemidji State University (BSU),State School,"$41,100","$59,400",40%,11%
884,Guilford College,"Private School, Liberal Arts School, Religious","$36,500","$59,400",53%,18%
885,Wilmington University,Private School,"$40,300","$59,400",54%,6%
886,University of North Carolina at Asheville (UNCA),"State School, Liberal Arts School, For Sports Fans","$36,300","$59,300",52%,16%
887,Hodges University,Private School,"$40,300","$59,200",65%,8%
888,Indiana University (IU) - South Bend,State School,"$36,700","$59,200",44%,8%
889,Maryville University of Saint Louis,Private School,"$41,800","$59,200",56%,6%
890,Mississippi College,"Private School, Religious","$39,600","$59,100",58%,11%
891,Winthrop University,"State School, For Sports Fans","$37,600","$59,100",51%,10%
892,Mansfield University of Pennsylvania,State School,"$39,800","$59,000",50%,13%
893,Southeastern University,"Private School, Religious","$39,900","$58,900",67%,1%
894,William Woods University,"Private School, Religious","$37,800","$58,800",60%,4%
895,Bluffton University,"Private School, Religious","$37,400","$58,700",50%,5%
896,Virginia State University (VSU),State School,"$39,100","$58,700",69%,11%
897,"Seton Hill University - Greensburg, PA","Private School, Religious","$41,500","$58,500",54%,15%
898,Maryland Institute College of Art,"Private School, Arts, Music & Design School","$40,700","$58,300",39%,0%
899,Savannah State University (SSU),"State School, Liberal Arts School, For Sports Fans","$37,300","$58,300",60%,17%
900,University of North Carolina at Pembroke (UNCP),State School,"$37,000","$58,200",55%,15%
901,The University of Tennessee at Martin (UT Martin),"State School, For Sports Fans","$40,100","$58,100",47%,12%
902,Meredith College,Private School,"$36,200","$58,000",43%,17%
903,Alabama State University (ASU),"State School, For Sports Fans","$34,800","$57,800",58%,22%
904,College of New Rochelle,Private School,"$39,500","$57,700",70%,2%
905,"Wilmington College - Wilmington, OH","Private School, Religious","$37,500","$57,600",43%,8%
906,Southern Adventist University,"Private School, Religious","$43,600","$57,500",77%,13%
907,Minot State University,State School,"$42,300","$57,400",63%,5%
908,"Robert Morris University (RMU) - Chicago, IL","Private School, Business School","$42,000","$57,400",52%,7%
909,Liberty University,"Private School, Religious, For Sports Fans","$39,400","$57,200",64%,2%
910,Lourdes College,"Private School, Religious","$41,600","$57,200",66%,2%
911,Fayetteville State University,State School,"$33,200","$57,100",62%,7%
912,Florida Gulf Coast University,State School,"$42,700","$57,100",58%,12%
913,Morningside College,"Private School, Religious","$39,100","$57,000",59%,15%
914,Delta State University,State School,"$39,600","$56,800",64%,11%
915,Gardner-Webb University,"Private School, Religious, For Sports Fans","$38,200","$56,700",56%,7%
916,SUNY - Fredonia,State School,"$39,100","$56,600",44%,8%
917,University of Sioux Falls (USF),"Private School, Religious","$42,600","$56,500",N/A,8%
918,Faulkner University,"Private School, Business School, Religious","$39,100","$56,400",66%,2%
919,University of Maine at Augusta (UMA),State School,"$36,900","$56,400",69%,8%
920,Davenport University,"Private School, Business School","$43,000","$56,200",48%,14%
921,Norfolk State University,"State School, For Sports Fans","$41,900","$56,200",70%,15%
922,"Wayne State College - Wayne, NE",State School,"$40,300","$55,900",60%,13%
923,Limestone College,Private School,"$37,300","$55,800",59%,10%
924,Northern State University,State School,"$39,500","$55,800",N/A,12%
925,Transylvania University,"Private School, Liberal Arts School, Religious","$39,500","$55,700",56%,22%
926,Johnson State College,State School,"$33,400","$55,500",55%,4%
927,Nazareth College of Rochester,Private School,"$38,000","$55,500",56%,11%
928,Ohio Dominican University,"Private School, Religious","$42,200","$55,500",54%,9%
929,Averett University,"Private School, Religious","$41,300","$55,400",53%,7%
930,Jackson State University (JSU),"State School, Research University, For Sports Fans","$40,000","$55,400",70%,18%
931,"King College - Bristol, TN","Private School, Religious","$35,300","$55,400",64%,9%
932,Columbus College of Art And Design,"Private School, Arts, Music & Design School","$41,000","$55,300",20%,0%
933,Palm Beach Atlantic University (PBAU),"Private School, Religious","$39,700","$55,300",67%,9%
934,University of Montevallo,State School,"$33,300","$55,200",63%,4%
935,Fontbonne University,"Private School, Religious","$39,700","$55,000",53%,4%
936,"Anderson University - Anderson, IN","Private School, Religious","$40,100","$54,900",44%,6%
937,Fresno Pacific University,"Private School, Religious","$42,300","$54,900",56%,4%
938,University of Maine at Farmington (UMF),State School,"$39,900","$54,900",N/A,8%
939,La Roche College,"Private School, Religious","$39,400","$54,800",N/A,11%
940,Edinboro University of Pennsylvania,State School,"$39,200","$54,500",55%,6%
941,Grambling State University,"State School, For Sports Fans","$40,700","$54,300",69%,11%
942,North Carolina Central University,"State School, For Sports Fans","$36,500","$54,300",65%,10%
943,"Springfield College - Springfield, MA",Private School,"$35,200","$54,300",81%,5%
944,Tusculum College,"Private School, Religious","$36,000","$54,300",67%,2%
945,Lesley University,Private School,"$41,000","$54,100",73%,1%
946,Mercyhurst College,"Private School, Religious","$39,500","$54,100",44%,12%
947,Chestnut Hill College,"Private School, Religious","$35,100","$53,800",N/A,7%
948,"Bethel College - Mishawaka, IN","Private School, Religious","$38,900","$53,700",63%,4%
949,"Keiser University - Ft. Lauderdale, FL",Private School,"$43,800","$53,200",64%,3%
950,Drury University,Private School,"$38,900","$53,000",62%,16%
951,Indiana University (IU) - New Albany,State School,"$37,400","$53,000",41%,11%
952,"Baker College - Muskegon, MI",Private School,"$39,200","$52,800",55%,5%
953,University of Texas (UT) at Brownsville,State School,"$39,700","$52,500",76%,17%
954,Endicott College,Private School,"$45,100","$52,000",48%,4%
955,"Culinary Institute of America (CIA) - Hyde Park, NY","Private School, Business School","$36,500","$51,900",54%,0%
956,Cornerstone University,"Private School, Religious","$37,900","$51,200",62%,2%
957,Briar Cliff University,"Private School, Religious","$38,800","$50,600",38%,11%
958,Mississippi University for Women,State School,"$40,000","$50,600",73%,3%
959,Medaille College,Private School,"$34,900","$50,400",62%,7%
960,Miami Dade College (MDC),State School,"$40,400","$49,000",60%,3%
961,Lyndon State College,State School,"$37,900","$48,500",50%,8%
962,"Bethel University - McKenzie, TN","Private School, Religious","$35,500","$46,600",59%,3%
963,Shaw University,"Private School, Religious","$36,200","$45,600",N/A,10%